{
  "nile_false_ms": 1742.34516925,
  "nile_true_ms": 1751.3324447499995,
  "nile_speedup_pct": 0.5158148717379518,
  "energy_false_ms": 2163.9998942499997,
  "energy_true_ms": 2121.33007525,
  "energy_speedup_pct": -1.9718031924760404
}
