{
  "wasm_f64_n100": 23.046371499999992,
  "webgpu_f32_n100": 868.5870574999999,
  "wasm_f64_n200": 22.09179099999983,
  "webgpu_f32_n200": 1186.7659709999998,
  "wasm_f64_n400": 21.12808750000113,
  "webgpu_f32_n400": 1959.552984,
  "wasm_f64_n800": 22.452347500000542,
  "webgpu_f32_n800": 3710.7962869999974,
  "wasm_f64_n1600": 22.678718499999377,
  "webgpu_f32_n1600": 9213.566091499997,
  "wasm_f64_n3200": 24.917408999994223,
  "wasm_f64_n6400": 27.04148699999496,
  "wasm_f64_n12800": 36.46777400000428,
  "wasm_f64_n25600": 60.47110450000764,
  "wasm_f64_n51200": 84.42773300000408,
  "wasm_f64_n102400": 151.2634820000021
}
