{
  "nile_false_ms": 1701.527189,
  "nile_true_ms": 230.3211632500006,
  "nile_speedup_pct": -86.46385642621661,
  "energy_false_ms": 2136.2545029999987,
  "energy_true_ms": 942.5533025000004,
  "energy_speedup_pct": -55.878229809400146
}
