{
  "wasm_f64_n100": 21.782197999999994,
  "webgpu_f32_n100": 306.05007550000005,
  "wasm_f64_n200": 20.87405300000023,
  "webgpu_f32_n200": 310.10527200000024,
  "wasm_f64_n400": 21.209515999999894,
  "webgpu_f32_n400": 348.52662499999997,
  "wasm_f64_n800": 19.69666499999994,
  "webgpu_f32_n800": 385.31998550000026,
  "wasm_f64_n1600": 20.96735600000011,
  "webgpu_f32_n1600": 412.0253240000011,
  "wasm_f64_n3200": 21.462578499999836,
  "webgpu_f32_n3200": 425.1316049999996,
  "wasm_f64_n6400": 24.172347499999887,
  "webgpu_f32_n6400": 444.7113410000002,
  "wasm_f64_n12800": 31.31505450000077,
  "webgpu_f32_n12800": 464.33504399999947,
  "wasm_f64_n25600": 43.04046400000152,
  "webgpu_f32_n25600": 521.7944635000003,
  "wasm_f64_n51200": 60.31562899999881,
  "webgpu_f32_n51200": 560.7137774999992,
  "wasm_f64_n102400": 126.48618999999962,
  "webgpu_f32_n102400": 636.5603114999976,
  "wasm_f64_n204800": 235.73604850000265,
  "webgpu_f32_n204800": 790.0463289999971,
  "wasm_f64_n409600": 437.40591399999903,
  "webgpu_f32_n409600": 1150.2428529999997,
  "wasm_f64_n819200": 867.418334500002,
  "webgpu_f32_n819200": 2012.0713909999977
}
