{
  "wasm_f64_n100": 23.33473700000002,
  "webgpu_f32_n100": 301.6624905000001,
  "wasm_f64_n200": 21.461329500000147,
  "webgpu_f32_n200": 314.5819695,
  "wasm_f64_n400": 20.88278850000006,
  "webgpu_f32_n400": 345.01304699999946,
  "wasm_f64_n800": 19.907642000000124,
  "webgpu_f32_n800": 365.2279010000011,
  "wasm_f64_n1600": 21.01525700000002,
  "webgpu_f32_n1600": 385.3855510000012,
  "wasm_f64_n3200": 21.553303499999856,
  "webgpu_f32_n3200": 436.7856364999998,
  "wasm_f64_n6400": 24.81937300000027,
  "webgpu_f32_n6400": 449.5289589999993,
  "wasm_f64_n12800": 31.767997499999183,
  "webgpu_f32_n12800": 469.047951999999,
  "wasm_f64_n25600": 40.36228700000174,
  "webgpu_f32_n25600": 504.82151150000027,
  "wasm_f64_n51200": 65.96274100000119,
  "webgpu_f32_n51200": 556.0568789999998,
  "wasm_f64_n102400": 128.02037000000018,
  "webgpu_f32_n102400": 615.0917855000007
}
