{
  "nile_o0__cpu_f32__first": 240.498623,
  "nile_o0__cpu_f32__warm": 194.08967299999995,
  "nile_o0__wasm_f32__first": 36.847035000000005,
  "nile_o0__wasm_f32__warm": 21.583473000000026,
  "nile_o0__wasm_f64__first": 28.09029399999997,
  "nile_o0__wasm_f64__warm": 22.224369000000024,
  "nile_o1__cpu_f32__first": 382.1658389999999,
  "nile_o1__cpu_f32__warm": 363.83374000000003,
  "nile_o1__wasm_f32__first": 28.15447599999993,
  "nile_o1__wasm_f32__warm": 22.31047599999988,
  "nile_o1__wasm_f64__first": 26.05987899999991,
  "nile_o1__wasm_f64__warm": 20.522519999999986,
  "kaisaniemi__cpu_f32__first": 461.3606689999999,
  "kaisaniemi__cpu_f32__warm": 443.9823349999997,
  "kaisaniemi__wasm_f32__first": 30.922589999999673,
  "kaisaniemi__wasm_f32__warm": 22.34342199999992,
  "kaisaniemi__wasm_f64__first": 37.29764699999987,
  "kaisaniemi__wasm_f64__warm": 20.230223999999907,
  "trigar__cpu_f32__first": 489.94904899999983,
  "trigar__cpu_f32__warm": 482.37772799999993,
  "trigar__wasm_f32__first": 32.56255599999986,
  "trigar__wasm_f32__warm": 21.503782999999657,
  "trigar__wasm_f64__first": 28.152488000000176,
  "trigar__wasm_f64__warm": 19.393053000000236
}
