{
  "nile_o0__cpu_f32__first": 248.200718,
  "nile_o0__cpu_f32__warm": 199.23755699999998,
  "nile_o0__wasm_f32__first": 42.03556400000002,
  "nile_o0__wasm_f32__warm": 20.280069000000026,
  "nile_o0__wasm_f64__first": 34.57320900000002,
  "nile_o0__wasm_f64__warm": 20.000014999999962,
  "nile_o1__cpu_f32__first": 397.199512,
  "nile_o1__cpu_f32__warm": 375.3812210000001,
  "nile_o1__wasm_f32__first": 29.591247000000067,
  "nile_o1__wasm_f32__warm": 23.451896000000033,
  "nile_o1__wasm_f64__first": 30.11199899999997,
  "nile_o1__wasm_f64__warm": 23.915430000000015,
  "kaisaniemi__cpu_f32__first": 477.43708300000003,
  "kaisaniemi__cpu_f32__warm": 470.95665800000006,
  "kaisaniemi__wasm_f32__first": 30.26895400000012,
  "kaisaniemi__wasm_f32__warm": 22.285302999999658,
  "kaisaniemi__wasm_f64__first": 32.77483100000018,
  "kaisaniemi__wasm_f64__warm": 24.169523000000027,
  "trigar__cpu_f32__first": 489.19884200000024,
  "trigar__cpu_f32__warm": 484.4723960000001,
  "trigar__wasm_f32__first": 29.961519999999837,
  "trigar__wasm_f32__warm": 22.878696000000218,
  "trigar__wasm_f64__first": 38.61937200000011,
  "trigar__wasm_f64__warm": 24.48108299999967
}
