{
  "nile_o0__webgpu_f32__first": 494.07112699999993,
  "nile_o0__webgpu_f32__warm": 300.568264,
  "nile_o1__webgpu_f32__first": 522.909723,
  "nile_o1__webgpu_f32__warm": 299.3182320000001,
  "kaisaniemi__webgpu_f32__first": 542.905301,
  "kaisaniemi__webgpu_f32__warm": 306.6850320000003,
  "trigar__webgpu_f32__first": 518.8119139999999,
  "trigar__webgpu_f32__warm": 299.67602300000044
}
