{
  "nile_o0__cpu_f32__first": 241.022578,
  "nile_o0__cpu_f32__warm": 196.104989,
  "nile_o0__wasm_f32__first": 37.8762660000001,
  "nile_o0__wasm_f32__warm": 19.215452000000028,
  "nile_o0__wasm_f64__first": 31.003423999999995,
  "nile_o0__wasm_f64__warm": 19.26664399999993,
  "nile_o1__cpu_f32__first": 377.42622399999993,
  "nile_o1__cpu_f32__warm": 368.3290539999998,
  "nile_o1__wasm_f32__first": 27.019543999999996,
  "nile_o1__wasm_f32__warm": 23.23415100000011,
  "nile_o1__wasm_f64__first": 25.84364900000014,
  "nile_o1__wasm_f64__warm": 20.69092499999988,
  "kaisaniemi__cpu_f32__first": 455.97956899999986,
  "kaisaniemi__cpu_f32__warm": 443.04920400000015,
  "kaisaniemi__wasm_f32__first": 31.660355999999865,
  "kaisaniemi__wasm_f32__warm": 26.274373000000196,
  "kaisaniemi__wasm_f64__first": 30.751612000000023,
  "kaisaniemi__wasm_f64__warm": 21.416671000000406,
  "trigar__cpu_f32__first": 443.0519559999998,
  "trigar__cpu_f32__warm": 435.7925230000001,
  "trigar__wasm_f32__first": 35.44220300000006,
  "trigar__wasm_f32__warm": 21.76194099999975,
  "trigar__wasm_f64__first": 25.104667000000063,
  "trigar__wasm_f64__warm": 20.07417899999973
}
