{
  "nile_o0__cpu_f32__first": 243.82957199999998,
  "nile_o0__cpu_f32__warm": 200.01995,
  "nile_o0__wasm_f32__first": 37.898235,
  "nile_o0__wasm_f32__warm": 18.9080009999999,
  "nile_o0__wasm_f64__first": 29.04915500000004,
  "nile_o0__wasm_f64__warm": 19.259146999999984,
  "nile_o1__cpu_f32__first": 384.31452000000013,
  "nile_o1__cpu_f32__warm": 375.4221,
  "nile_o1__wasm_f32__first": 27.660800999999992,
  "nile_o1__wasm_f32__warm": 21.786518000000115,
  "nile_o1__wasm_f64__first": 24.35235700000021,
  "nile_o1__wasm_f64__warm": 20.13733699999989,
  "kaisaniemi__cpu_f32__first": 461.5179539999999,
  "kaisaniemi__cpu_f32__warm": 443.17070499999977,
  "kaisaniemi__wasm_f32__first": 42.92059100000006,
  "kaisaniemi__wasm_f32__warm": 29.00889499999994,
  "kaisaniemi__wasm_f64__first": 27.43276300000025,
  "kaisaniemi__wasm_f64__warm": 20.36508300000014,
  "trigar__cpu_f32__first": 446.091911,
  "trigar__cpu_f32__warm": 442.8047370000004,
  "trigar__wasm_f32__first": 26.320838999999978,
  "trigar__wasm_f32__warm": 21.331280999999763,
  "trigar__wasm_f64__first": 24.88430100000005,
  "trigar__wasm_f64__warm": 20.09110099999998
}
