{
  "wasm_f64_n100": 23.625305999999995,
  "webgpu_f32_n100": 305.03411200000005,
  "wasm_f64_n200": 22.650241499999765,
  "webgpu_f32_n200": 327.8262829999999,
  "wasm_f64_n400": 21.09777800000029,
  "webgpu_f32_n400": 352.0273390000002,
  "wasm_f64_n800": 19.841620499999408,
  "webgpu_f32_n800": 376.18783749999875,
  "wasm_f64_n1600": 21.172104999999647,
  "webgpu_f32_n1600": 387.79605699999956,
  "wasm_f64_n3200": 22.761930500000744,
  "webgpu_f32_n3200": 409.2410889999992,
  "wasm_f64_n6400": 29.040952500001367,
  "webgpu_f32_n6400": 439.245741499999,
  "wasm_f64_n12800": 34.04053500000009,
  "webgpu_f32_n12800": 460.34882649999963,
  "wasm_f64_n25600": 53.835713500000566,
  "webgpu_f32_n25600": 490.1807704999992,
  "wasm_f64_n51200": 83.67689299999984,
  "webgpu_f32_n51200": 510.7406059999994,
  "wasm_f64_n102400": 155.51865300000281,
  "webgpu_f32_n102400": 648.1223864999993
}
