{
  "wasm_f64_n100": 21.654397499999988,
  "webgpu_f32_n100": 575.3198805,
  "wasm_f64_n200": 21.859006500000305,
  "webgpu_f32_n200": 630.6345764999996,
  "wasm_f64_n400": 22.268051500000183,
  "webgpu_f32_n400": 661.7145559999999,
  "wasm_f64_n800": 23.048561499999778,
  "webgpu_f32_n800": 676.5852584999993,
  "wasm_f64_n1600": 23.189980000001015,
  "webgpu_f32_n1600": 710.9234169999982,
  "wasm_f64_n3200": 24.446061500000724,
  "webgpu_f32_n3200": 868.2647789999992,
  "wasm_f64_n6400": 28.84355549999964,
  "webgpu_f32_n6400": 936.3497729999999,
  "wasm_f64_n12800": 35.57224549999955,
  "webgpu_f32_n12800": 974.4191275000012,
  "wasm_f64_n25600": 52.918470500000694,
  "webgpu_f32_n25600": 1009.361915999998,
  "wasm_f64_n51200": 84.65412549999746,
  "webgpu_f32_n51200": 1075.5260815000001,
  "wasm_f64_n102400": 159.6610499999988,
  "webgpu_f32_n102400": 1144.603586000001
}
