{
  "nile_o0__cpu_f32__first": 239.61630599999998,
  "nile_o0__cpu_f32__warm": 189.68704200000002,
  "nile_o0__wasm_f32__first": 38.09838100000002,
  "nile_o0__wasm_f32__warm": 18.68000799999993,
  "nile_o0__wasm_f64__first": 28.861357999999996,
  "nile_o0__wasm_f64__warm": 19.55245500000001,
  "nile_o1__cpu_f32__first": 383.56175400000006,
  "nile_o1__cpu_f32__warm": 364.66239500000006,
  "nile_o1__wasm_f32__first": 28.566814999999906,
  "nile_o1__wasm_f32__warm": 21.482402999999977,
  "nile_o1__wasm_f64__first": 30.771105999999918,
  "nile_o1__wasm_f64__warm": 19.719869000000017,
  "kaisaniemi__cpu_f32__first": 458.75533099999984,
  "kaisaniemi__cpu_f32__warm": 444.6040459999999,
  "kaisaniemi__wasm_f32__first": 31.977090999999746,
  "kaisaniemi__wasm_f32__warm": 25.58781900000031,
  "kaisaniemi__wasm_f64__first": 32.59652600000027,
  "kaisaniemi__wasm_f64__warm": 21.569736999999805,
  "trigar__cpu_f32__first": 444.72733800000015,
  "trigar__cpu_f32__warm": 435.27844000000005,
  "trigar__wasm_f32__first": 30.037497000000258,
  "trigar__wasm_f32__warm": 22.01526100000001,
  "trigar__wasm_f64__first": 24.68397700000014,
  "trigar__wasm_f64__warm": 19.776808999999957
}
