{
  "nile_order1_elapsed": 2872.6744760000006,
  "nile_order1_iterations": 190,
  "nile_order1_lik": 1104.9067267792145,
  "nile_order0_elapsed": 1965.8643450000018,
  "nile_order0_iterations": 110,
  "nile_order0_lik": 1095.783289364641,
  "kaisaniemi_elapsed": 4526.829011000002,
  "kaisaniemi_iterations": 300,
  "kaisaniemi_lik": 341.30632032553507
}
