{
  "nile_order1_elapsed": 2605.2455500000015,
  "nile_order1_iterations": 122,
  "nile_order1_lik": 1104.9170699735791,
  "nile_order0_elapsed": 1803.7966509999987,
  "nile_order0_iterations": 100,
  "nile_order0_lik": 1095.783530328254,
  "kaisaniemi_elapsed": 5784.929912000003,
  "kaisaniemi_iterations": 300,
  "kaisaniemi_lik": 341.30632032553507
}
