{
  "firstRunMs": 265.82364099999995,
  "warmRunMs": 103.24684100000002
}
