{
  "firstRunMs": 97.60949299999999,
  "warmRunMs": 46.734218999999996
}
