{
  "firstRunMs": 260.202581,
  "warmRunMs": 101.731808
}
