{
  "firstRunMs": 104.56958600000002,
  "warmRunMs": 48.138779
}
