{
  "firstRunMs": 249.07349899999997,
  "warmRunMs": 94.57429399999995
}
