{
  "firstRunMs": 106.302301,
  "warmRunMs": 57.10936099999998
}
