{
  "firstRunMs": 254.56573500000002,
  "warmRunMs": 106.39590299999998
}
