{
  "firstRunMs": 100.61342799999997,
  "warmRunMs": 41.974402999999995
}
