{
  "firstRunMs": 103.10243,
  "warmRunMs": 40.591083000000026
}
