{
  "firstRunMs": 248.72132699999997,
  "warmRunMs": 100.07280800000001
}
