{
  "firstRunMs": 346.236355,
  "warmRunMs": 164.86907000000008
}
