{
  "firstRunMs": 257.814725,
  "warmRunMs": 100.83313599999997
}
