{
  "firstRunMs": 103.27984599999999,
  "warmRunMs": 56.45342699999998
}
