{
  "firstRunMs": 99.774914,
  "warmRunMs": 47.741265999999996
}
