{
  "firstRunMs": 113.24125700000002,
  "warmRunMs": 47.31023899999997
}
