{
  "firstRunMs": 98.010806,
  "warmRunMs": 47.04412500000001
}
