{
  "firstRunMs": 106.61522500000001,
  "warmRunMs": 42.50297999999998
}
