{
  "firstRunMs": 99.12940800000001,
  "warmRunMs": 46.39047700000003
}
