{
  "firstRunMs": 392.848128,
  "warmRunMs": 153.348978
}
