{
  "firstRunMs": 98.37098100000003,
  "warmRunMs": 48.263926000000026
}
