{
  "firstRunMs": 101.48316499999999,
  "warmRunMs": 41.504411999999945
}
