{
  "firstRunMs": 96.825894,
  "warmRunMs": 47.05630400000001
}
