{
  "firstRunMs": 96.142256,
  "warmRunMs": 46.01665200000002
}
