{
  "firstRunMs": 108.313234,
  "warmRunMs": 48.66046399999999
}
