{
  "firstRunMs": 257.983568,
  "warmRunMs": 99.16391400000003
}
