{
  "firstRunMs": 99.952595,
  "warmRunMs": 46.10618500000004
}
