{
  "firstRunMs": 96.73224100000002,
  "warmRunMs": 45.75833399999999
}
