{
  "firstRunMs": 101.70252500000001,
  "warmRunMs": 41.74885699999999
}
