{
  "firstRunMs": 105.34427800000003,
  "warmRunMs": 39.719232999999974
}
