{
  "firstRunMs": 103.24227000000002,
  "warmRunMs": 41.281406000000004
}
