{
  "firstRunMs": 248.38150299999998,
  "warmRunMs": 93.05015200000003
}
