{
  "firstRunMs": 251.850716,
  "warmRunMs": 93.23246300000005
}
