{
  "firstRunMs": 250.167703,
  "warmRunMs": 114.68520899999993
}
