{
  "firstRunMs": 103.13195999999996,
  "warmRunMs": 47.53986699999996
}
