{
  "firstRunMs": 108.60662099999999,
  "warmRunMs": 58.116637000000026
}
