{
  "firstRunMs": 245.062002,
  "warmRunMs": 94.22391800000003
}
