{
  "firstRunMs": 255.12601999999998,
  "warmRunMs": 94.158859
}
