{
  "firstRunMs": 97.31253100000004,
  "warmRunMs": 47.85637000000003
}
