{
  "firstRunMs": 107.92170500000003,
  "warmRunMs": 58.32120900000001
}
