{
  "firstRunMs": 108.64005900000001,
  "warmRunMs": 51.071571000000006
}
