{
  "firstRunMs": 248.459856,
  "warmRunMs": 93.62580600000007
}
