{
  "firstRunMs": 103.33021600000001,
  "warmRunMs": 40.302189999999996
}
