{
  "firstRunMs": 101.407251,
  "warmRunMs": 50.17594100000002
}
