{
  "firstRunMs": 309.36592,
  "warmRunMs": 132.95566300000002
}
