{
  "firstRunMs": 94.214022,
  "warmRunMs": 48.94895100000002
}
