{
  "firstRunMs": 410.050348,
  "warmRunMs": 147.766166
}
