{
  "firstRunMs": 278.073821,
  "warmRunMs": 105.56673800000004
}
