{
  "firstRunMs": 255.081678,
  "warmRunMs": 91.07675899999992
}
