{
  "firstRunMs": 263.39605800000004,
  "warmRunMs": 108.50842499999999
}
