{
  "firstRunMs": 96.97254900000001,
  "warmRunMs": 46.38830300000001
}
