{
  "firstRunMs": 259.738397,
  "warmRunMs": 101.75229299999995
}
