{
  "firstRunMs": 263.08526800000004,
  "warmRunMs": 107.58799799999997
}
