{
  "firstRunMs": 262.053791,
  "warmRunMs": 90.76299000000006
}
