{
  "firstRunMs": 101.313752,
  "warmRunMs": 41.268141999999955
}
