{
  "firstRunMs": 95.73572299999998,
  "warmRunMs": 47.69406699999996
}
