{
  "firstRunMs": 253.587843,
  "warmRunMs": 98.748355
}
