{
  "firstRunMs": 271.779788,
  "warmRunMs": 114.57290199999994
}
