{
  "firstRunMs": 111.60900899999999,
  "warmRunMs": 59.38312400000001
}
