{
  "firstRunMs": 100.84839500000001,
  "warmRunMs": 47.41996399999999
}
