{
  "firstRunMs": 101.39109000000002,
  "warmRunMs": 42.93469699999997
}
