{
  "firstRunMs": 250.60644599999998,
  "warmRunMs": 91.04164199999997
}
