{
  "firstRunMs": 272.19499399999995,
  "warmRunMs": 104.31816399999997
}
