{
  "firstRunMs": 109.16324400000002,
  "warmRunMs": 50.21865100000002
}
