{
  "firstRunMs": 98.08348500000002,
  "warmRunMs": 48.52936199999999
}
