{
  "firstRunMs": 265.456041,
  "warmRunMs": 108.91257399999995
}
