{
  "firstRunMs": 105.55146200000001,
  "warmRunMs": 57.87045599999999
}
