{
  "firstRunMs": 104.43244199999998,
  "warmRunMs": 60.18960499999997
}
